channel_name,video_title,video_url,publish_date,video_length,views,likes,comments,transcript_filename,"Tier (1, 2, or 3)"
Girls Who Code,Did you know?,https://www.youtube.com/watch?v=Q63vCHZGZzE,7/8/24,0:32,913,47,0,didyouknow.txt,1
Girls Who Code,"On your mark, get set, STEM. Behind the scenes of Volvo Cars' HQ. #shorts",https://www.youtube.com/watch?v=1xncqop645M,5/3/24,0:49,181,8,0,onyourmarkgetsetstembehindthescenesofvolvocarshqshorts.txt,1
Girls Who Code,VLOG: Girls Who Code Alumni Advisory Council Weekend (NYC),https://www.youtube.com/watch?v=KfLLluy6UvQ,4/30/24,0:25,140,8,0,vloggirlswhocodealumniadvisorycouncilweekendnyc.txt,1
Girls Who Code,Engineering. How hard could it be? Boys do it. #WomenInSTEM,https://www.youtube.com/watch?v=IMZS256OFlQ,4/29/24,0:09,10531,621,11,engineeringhowhardcoulditbeboysdoitwomeninstem.txt,1
Girls Who Code,Volvo For Life Fund ‚Äì Girls Who Code,https://www.youtube.com/watch?v=6OvFm0yS9I4,4/22/24,1:50,398,16,4,volvoforlifefundgirlswhocode.txt,1
Girls Who Code,AI Hits the Recording Studio #STEMEducation #shorts,https://www.youtube.com/watch?v=qRGvISWDoHk,4/19/24,0:31,99,6,0,aihitstherecordingstudiostemeducationshorts.txt,1
Girls Who Code,Clubs 101: Closing the Gender Gap with Girls Who Code,https://www.youtube.com/watch?v=vKlSHE1yXZ8,4/9/24,15:06,178,8,0,clubs101closingthegendergapwithgirlswhocode.txt,1
Girls Who Code,MAKERS: L Girls Who Code Founder Reshma Saujani talks about the importance of failure,https://www.youtube.com/watch?v=CziqITKGx90,4/4/24,4:16,220,10,0,makerslgirlswhocodefounderreshmasaujanitalksabouttheimportanceoffailure.txt,1
Girls Who Code,Here's how the The FLATS paved the way for women in space #Mercury13 #WomeninSpace #shorts,https://www.youtube.com/watch?v=m0n6zPRn1ww,3/29/24,0:58,573,15,0,hereshowthetheflatspavedthewayforwomeninspacemercury13womeninspaceshorts.txt,1
Girls Who Code,Women's History Month: Celebrating Women in Tech #shorts #girlswhocode,https://www.youtube.com/watch?v=0FE4cO84l2k,3/27/24,0:55,594,22,6,womenshistorymonthcelebratingwomenintechshortsgirlswhocode.txt,1
Girls Who Code,Women's History In The Making #shorts,https://www.youtube.com/watch?v=9mSp3Cj22Tk,3/26/24,0:19,335,7,0,womenshistoryinthemakingshorts.txt,1
Girls Who Code,"Meet Grace Hopper, computer science pioneer #shorts #girlswhocode",https://www.youtube.com/watch?v=mBiQ5EfaSug,3/25/24,0:53,286,18,1,meetgracehoppercomputersciencepioneershortsgirlswhocode.txt,1
Girls Who Code,Meet The First Lady Of Physics #shorts #WomenInSTEM,https://www.youtube.com/watch?v=kP72aNFO-xw,3/8/24,0:57,588,38,0,meetthefirstladyofphysicsshortswomeninstem.txt,1
Girls Who Code,Celebrating Women's History Month,https://www.youtube.com/watch?v=Uj_FkxMWcyg,3/4/24,1:31,330,16,0,celebratingwomenshistorymonth.txt,1
Girls Who Code,VLOG: A day in the life of a computer science major at Spelman College,https://www.youtube.com/watch?v=OmJ6oL1u-yQ,2/20/24,0:56,623,35,0,vlogadayinthelifeofacomputersciencemajoratspelmancollege.txt,1
Girls Who Code,Today's #WCW goes to Women In STEM! #shorts,https://www.youtube.com/watch?v=ALV5OZQDUZE,2/14/24,0:11,134,8,0,todayswcwgoestowomeninstemshorts.txt,1
Girls Who Code,Young Girls Who Code students explain why they love coding and STEM #adorable #shorts,https://www.youtube.com/watch?v=Y4rnUAq9Io8,2/13/24,0:54,906,20,0,younggirlswhocodestudentsexplainwhytheylovecodingandstemadorableshorts.txt,1
Girls Who Code,IF/THEN's Super Bowl Commercial features Girls Who Code alum Karina Popovich #shorts,https://www.youtube.com/watch?v=JPph4zYeMZE,2/12/24,0:45,440,5,0,ifthenssuperbowlcommercialfeaturesgirlswhocodealumkarinapopovichshorts.txt,1
Girls Who Code,IF/Then Super Bowl Commercial featuring Girls Who Code alum Karina Popovich,https://www.youtube.com/watch?v=XCSu-qLkjhE,2/12/24,1:06,435,6,0,ifthensuperbowlcommercialfeaturinggirlswhocodealumkarinapopovich.txt,1
Girls Who Code,Girls Who Code Makes Space For Women in STEM in Super Bowl Commercial with Olay #shorts,https://www.youtube.com/watch?v=h8XHGeBeKbU,2/12/24,0:31,266,7,0,girlswhocodemakesspaceforwomeninsteminsuperbowlcommercialwitholayshorts.txt,1
Girls Who Code,Girls Who Code teams up with OLAY to Make Space For Women in the Super Bowl (Commercial),https://www.youtube.com/watch?v=Bfbb2AWfvwU,2/12/24,0:31,947,21,0,girlswhocodeteamsupwitholaytomakespaceforwomeninthesuperbowlcommercial.txt,1
Girls Who Code,Day in the Life of a Girls Who Code College Loops President #vlog #shorts,https://www.youtube.com/watch?v=wBOzhB_761E,2/10/24,0:52,165,6,0,dayinthelifeofagirlswhocodecollegeloopspresidentvlogshorts.txt,1
Girls Who Code,Fashion Week Meets Girls Who Code #shorts #events,https://www.youtube.com/watch?v=exM0xtxLn_k,2/8/24,0:31,88,2,0,fashionweekmeetsgirlswhocodeshortsevents.txt,1
Girls Who Code,"""We're a #GirlsWhoCode college loop, of course we..."" #shorts",https://www.youtube.com/watch?v=Mm5o2Nyxhb0,2/6/24,0:22,154,8,0,wereagirlswhocodecollegeloopofcourseweshorts.txt,1
Girls Who Code,Join Us for a Live Recording Studio Session in NYC,https://www.youtube.com/watch?v=N8oNzyAt0yg,2/5/24,0:18,171,5,0,joinusforaliverecordingstudiosessioninnyc.txt,1
Girls Who Code,Post-Hiring Summit Panel: The Art of the Follow-Up,https://www.youtube.com/watch?v=6USbmuqki0c,2/2/24,59:55:00,85,1,0,posthiringsummitpaneltheartofthefollowup.txt,1
Girls Who Code,Four Inventions Created by Black Women In STEM #BlackHistoryMonth #DidYouKnow #todayinhistory,https://www.youtube.com/watch?v=dP_XjDy7SV8,2/1/24,0:39,68,8,0,fourinventionscreatedbyblackwomeninstemblackhistorymonthdidyouknowtodayinhistory.txt,1
Girls Who Code,Pre-Hiring Summit Workshop: Maximizing Your Hiring Summit Experience,https://www.youtube.com/watch?v=ogeYScWapMs,1/31/24,56:02:00,52,3,0,prehiringsummitworkshopmaximizingyourhiringsummitexperience.txt,1
Girls Who Code,Mid-Hiring Summit Panel: LinkedIn and Beyond - Online Strategies for Early Career Job Seekers,https://www.youtube.com/watch?v=v0KC-t6gQDo,1/31/24,30:36:00,78,5,1,midhiringsummitpanellinkedinandbeyondonlinestrategiesforearlycareerjobseekers.txt,1
Girls Who Code,Mid-Hiring Summit Panel: Navigating the Evolving Landscape of Tech,https://www.youtube.com/watch?v=MuKhiEfW7AA,1/26/24,32:55:00,222,9,0,midhiringsummitpanelnavigatingtheevolvinglandscapeoftech.txt,1
Girls Who Code,Pre-Hiring Summit Workshop: Cracking the Interview,https://www.youtube.com/watch?v=PN14We4FmoI,1/25/24,54:48:00,105,4,0,prehiringsummitworkshopcrackingtheinterview.txt,1
Girls Who Code,"Meet Joan T., NASA engineer who helped launch the mission to Pysche. #shorts #womeninSTEM #nasa",https://www.youtube.com/watch?v=J7EhrH29GgA,12/22/23,0:45,160,6,0,meetjoantnasaengineerwhohelpedlaunchthemissiontopyscheshortswomeninstemnasa.txt,1
Girls Who Code,"Meet Joan T., NASA engineer who helped launch the mission to Pysche. #shorts #WomenInSTEM",https://www.youtube.com/watch?v=ENY1QexEW6M,12/21/23,0:41,143,6,0,meetjoantnasaengineerwhohelpedlaunchthemissiontopyscheshortswomeninstem.txt,1
Girls Who Code,"Meet Joan T., NASA Engineer and Girls Who Code Alumna",https://www.youtube.com/watch?v=E3Kf1YyVh7s,12/12/23,1:30,213,11,0,meetjoantnasaengineerandgirlswhocodealumna.txt,1
Girls Who Code,How to Create Your First Song Using AI #GirlJams #Shorts,https://www.youtube.com/watch?v=gYXaKWUHh8g,12/8/23,0:34,100,2,0,howtocreateyourfirstsongusingaigirljamsshorts.txt,1
Girls Who Code,Reshma Saujani explain the importance of sisterhood in tech. #shorts,https://www.youtube.com/watch?v=mWTKbbEvcIk,11/17/23,0:56,210,16,0,reshmasaujaniexplaintheimportanceofsisterhoodintechshorts.txt,1
Girls Who Code,What Does Sisterhood Mean to You? #GirlsWhoCode #Shorts,https://www.youtube.com/watch?v=bUCC-H0poNk,10/11/23,0:15,135,6,0,whatdoessisterhoodmeantoyougirlswhocodeshorts.txt,1
Girls Who Code,VLOG: Girls Who Code Hiring Summit #shorts #dayinthelife  #girlsinstem,https://www.youtube.com/watch?v=s2onBwGqnNI,9/15/23,0:09,212,8,0,vloggirlswhocodehiringsummitshortsdayinthelifegirlsinstem.txt,1
Girls Who Code,"Meet Daphne Le, a content creator and VFX artist. #shorts #girlsinstem",https://www.youtube.com/watch?v=E77Px6JkHF8,8/29/23,0:56,340,24,2,meetdaphneleacontentcreatorandvfxartistshortsgirlsinstem.txt,1
Girls Who Code,Check out this Barbie-inspired 3D-printed outfit #shorts,https://www.youtube.com/watch?v=F1ji5JSFFhk,8/1/23,0:30,3162,118,1,checkoutthisbarbieinspired3dprintedoutfitshorts.txt,1
Girls Who Code,Here‚Äôs what gaming characters would actually look like if women got a seat at the table. #shorts,https://www.youtube.com/watch?v=AJOn2fUaJKE,7/25/23,0:52,349,20,0,hereswhatgamingcharacterswouldactuallylooklikeifwomengotaseatatthetableshorts.txt,1
Girls Who Code,What if Barbie was an Engineer? #girlswhocode #BarbieTheMovie,https://www.youtube.com/watch?v=dKNQci4Ij0Q,7/21/23,0:05,6118,116,1,whatifbarbiewasanengineergirlswhocodebarbiethemovie.txt,1
Girls Who Code,How Girls Who Code Girls is Changing the Game,https://www.youtube.com/watch?v=VF2E3Dg3qqk,7/10/23,1:41,2730,81,3,howgirlswhocodegirlsischangingthegame.txt,1
Girls Who Code,PIX 11 News: Closing The Gender Gap In Tech #girlswhocode #shorts,https://www.youtube.com/watch?v=gc-2jL7Qqxw,6/27/23,1:00,299,12,1,pix11newsclosingthegendergapintechgirlswhocodeshorts.txt,1
Girls Who Code,New York Living TV: Closing The Gender Gap In Tech,https://www.youtube.com/watch?v=Uj8yc9ZzkPI,6/26/23,1:40,596,10,0,newyorklivingtvclosingthegendergapintech.txt,1
Girls Who Code,Day In The Life: Pride NYC Vlog #shorts,https://www.youtube.com/watch?v=MY0mqLG1CZA,6/16/23,1:00,338,12,1,dayinthelifepridenycvlogshorts.txt,1
Girls Who Code,Happy AAPI Month! These 4 Women are Making Waves in Tech. #shorts,https://www.youtube.com/watch?v=ECgtITr0Bn0,5/25/23,0:58,267,5,0,happyaapimonththese4womenaremakingwavesintechshorts.txt,1
Girls Who Code,Tune in to see Girls Who Code on the next episode of CBS's Mission Unstoppable.,https://www.youtube.com/watch?v=ZusYbCS5Iy0,5/19/23,1:01,619,15,0,tuneintoseegirlswhocodeonthenextepisodeofcbssmissionunstoppable.txt,1
Girls Who Code,Watch Girls Who Code on the next episode of CBS Mission Unstoppable. #shorts #girlswhocode,https://www.youtube.com/watch?v=DlAuRg-uo4Q,5/19/23,1:00,311,14,0,watchgirlswhocodeonthenextepisodeofcbsmissionunstoppableshortsgirlswhocode.txt,1
Girls Who Code,These women in math are breaking the glass ceiling! #shorts #WomenInSTEM,https://www.youtube.com/watch?v=ig0qjQwcLTA,5/12/23,0:41,1038,44,0,thesewomeninmatharebreakingtheglassceilingshortswomeninstem.txt,1
Girls Who Code,POV: This is the sign you needed to start learning how to code #shorts,https://www.youtube.com/watch?v=urTzIlKAYKI,4/12/23,0:29,354,17,0,povthisisthesignyouneededtostartlearninghowtocodeshorts.txt,1
Girls Who Code,Girls Who Code: CodeFair Opening Night,https://www.youtube.com/watch?v=XKyWGIGr6m0,3/29/23,1:18,279,3,0,girlswhocodecodefairopeningnight.txt,1
Girls Who Code,VLOG: Girls Who Code CodeFair #girlswhocode #Codefair #shorts,https://www.youtube.com/watch?v=zLKblcCCx3M,3/29/23,0:27,1232,30,1,vloggirlswhocodecodefairgirlswhocodecodefairshorts.txt,1
Girls Who Code,Code Fair Opening Night #shorts #girlswhocode,https://www.youtube.com/watch?v=tEoMCFeNOX8,3/28/23,0:16,209,9,1,codefairopeningnightshortsgirlswhocode.txt,1
Girls Who Code,Happy Birthday Girls Who Code! ü•≥üéÇüéâ,https://www.youtube.com/watch?v=dq4UzQvKofE,3/28/23,1:16,668,27,1,happybirthdaygirlswhocode.txt,1
Girls Who Code,"Meet Danielle Udogaranya, a content creator, Twitch Ambassador, and 3D artist. #GirlsWhoCodeGirls",https://www.youtube.com/watch?v=iGV2RUkuvAE,3/2/23,1:20,359,9,0,meetdanielleudogaranyaacontentcreatortwitchambassadorand3dartistgirlswhocodegirls.txt,1
Girls Who Code,Meet Fig O'Reilly from #MissionUnstoppable. #Shorts #womenintech,https://www.youtube.com/watch?v=7Bw5Xbr-dkM,2/28/23,0:38,1797,107,3,meetfigoreillyfrommissionunstoppableshortswomenintech.txt,1
Girls Who Code,These Black women are making waves in STEM (and we are SO here for it. #shorts,https://www.youtube.com/watch?v=06gQu76RzOs,2/25/23,0:47,1531,91,2,theseblackwomenaremakingwavesinstemandwearesohereforitshorts.txt,1
Girls Who Code,"Meet the first Black woman in space, Dr. Mae C. Jemison. #shorts",https://www.youtube.com/watch?v=VXkEruRQtLg,2/16/23,0:52,2011,81,4,meetthefirstblackwomaninspacedrmaecjemisonshorts.txt,1
Girls Who Code,This #latto inspired filter has big BIG energy! #shorts,https://www.youtube.com/watch?v=1hkFjp0-VTM,2/16/23,0:15,1975,53,1,thislattoinspiredfilterhasbigbigenergyshorts.txt,1
Girls Who Code,Our students made a filter for rapper Latto! #shorts,https://www.youtube.com/watch?v=PHowF_nAnD8,2/15/23,0:12,1594,42,0,ourstudentsmadeafilterforrapperlattoshorts.txt,1
Girls Who Code,#DidYouKnow that a Black woman in STEM popularized the pap smear? #Shorts,https://www.youtube.com/watch?v=z8Xm51TqqxE,2/14/23,0:36,1221,41,2,didyouknowthatablackwomaninstempopularizedthepapsmearshorts.txt,1
Girls Who Code,Black History Month: Kids In STEM #girlswhocode #shorts,https://www.youtube.com/watch?v=UBTpzYem0s0,2/11/23,0:37,337,9,1,blackhistorymonthkidsinstemgirlswhocodeshorts.txt,1
Girls Who Code,Daily Affirmations from Ice spice #shorts,https://www.youtube.com/watch?v=bGlmOOrR84M,2/7/23,0:04,2050,42,0,dailyaffirmationsfromicespiceshorts.txt,1
Girls Who Code,"Meet Alexis Williams, activist, artist, model, and computer science student. #shorts",https://www.youtube.com/watch?v=B_AbUXULw70,2/6/23,0:47,311,8,1,meetalexiswilliamsactivistartistmodelandcomputersciencestudentshorts.txt,1
Girls Who Code,Four inventions by Black Women in STEM #shorts #BlackHistoryMonth,https://www.youtube.com/watch?v=0gD58udy2wU,2/4/23,0:46,3285,355,16,fourinventionsbyblackwomeninstemshortsblackhistorymonth.txt,1
Girls Who Code,Meet aerospace engineer Joan Marie @YourFemaleEng,https://www.youtube.com/watch?v=nudeKp8bNM0,2/3/23,0:15,525,19,1,meetaerospaceengineerjoanmarieyourfemaleeng.txt,1
Girls Who Code,Ready to Code This Summer?,https://www.youtube.com/watch?v=x9sMqIEnadY,2/3/23,0:11,119,6,1,readytocodethissummer.txt,1
Girls Who Code,"Meet Miriam Haart, engineering student and star of Netflix's ‚ÄúMy Unorthodox Life.‚Äù  #shorts",https://www.youtube.com/watch?v=9gNXz6-RFjQ,2/3/23,0:25,2586,34,3,meetmiriamhaartengineeringstudentandstarofnetflixsmyunorthodoxlifeshorts.txt,1
Girls Who Code,"Meet Zaida Hernandez, an engineer in the space industry and advocate for women in STEM. #shorts",https://www.youtube.com/watch?v=ycViAcgzuno,2/2/23,0:13,1521,47,8,meetzaidahernandezanengineerinthespaceindustryandadvocateforwomeninstemshorts.txt,1
Girls Who Code,"Meet Gladys West, the Black woman in STEM who helped invent GPS. #blackhistorymonth #shorts",https://www.youtube.com/watch?v=XcKTRMylMQE,2/2/23,0:24,3620,228,15,meetgladyswesttheblackwomaninstemwhohelpedinventgpsblackhistorymonthshorts.txt,1
Girls Who Code,Girls Who Code Girls #gaming #shorts,https://www.youtube.com/watch?v=SCITwKmtARg,2/2/23,0:21,523,21,2,girlswhocodegirlsgamingshorts.txt,1
Girls Who Code,Women in STEM Crush Wednesday #WCW #shorts,https://www.youtube.com/watch?v=31WykUU2lz4,2/1/23,0:11,5526,310,3,womeninstemcrushwednesdaywcwshorts.txt,1
Girls Who Code,A Day In the Life of a Ph.D. student #WomenInSTEM #shorts,https://www.youtube.com/watch?v=tsxxx_u4uHQ,2/1/23,1:01,258,8,0,adayinthelifeofaphdstudentwomeninstemshorts.txt,1
Girls Who Code,Five Inventions Created by Black Women In STEM #shorts,https://www.youtube.com/watch?v=nBKt-o8MWmA,2/1/23,0:39,555,38,1,fiveinventionscreatedbyblackwomeninstemshorts.txt,1
Girls Who Code,Celebrating 10 Years of Girls Who Code,https://www.youtube.com/watch?v=H5bvR4Q4bCM,11/17/22,1:07,2372,62,1,celebrating10yearsofgirlswhocode.txt,1
Girls Who Code,Girls Who Code: Technical Interview Prep,https://www.youtube.com/watch?v=SFp9H2kKRNQ,11/15/22,1:44,784,19,1,girlswhocodetechnicalinterviewprep.txt,1
Girls Who Code,Girls Who Code: Technical Interview Prep,https://www.youtube.com/watch?v=yHy_OBLBsYQ,10/24/22,3:00,358,12,2,girlswhocodetechnicalinterviewprep_2.txt,1
Girls Who Code,"Day Of the Girl: Meet Danna, Future Game Developer",https://www.youtube.com/watch?v=RCriZMapxTs,10/11/22,0:35,280,6,0,dayofthegirlmeetdannafuturegamedeveloper.txt,1
Girls Who Code,"Day Of the Girl: Meet Johanne, Future Astronomer",https://www.youtube.com/watch?v=hslfh6bFjBQ,10/11/22,0:25,145,8,0,dayofthegirlmeetjohannefutureastronomer.txt,1
Girls Who Code,"Day Of the Girl: Meet Isabel, Future Technology Policy Analyst",https://www.youtube.com/watch?v=Dn8O0dq8cuA,10/11/22,0:15,187,6,0,dayofthegirlmeetisabelfuturetechnologypolicyanalyst.txt,1
Girls Who Code,"Day Of the Girl: Meet Rebecca, Future Autonomous Vehicle Engineer",https://www.youtube.com/watch?v=llVkPINU_JI,10/11/22,0:46,282,9,0,dayofthegirlmeetrebeccafutureautonomousvehicleengineer.txt,1
Girls Who Code,"Day Of the Girl: Meet Ashanti, Future Software Engineer",https://www.youtube.com/watch?v=uCSxQobp9Tc,10/11/22,0:16,360,14,1,dayofthegirlmeetashantifuturesoftwareengineer.txt,1
Girls Who Code,"Day Of the Girl: Meet Danna, Future Game Developer",https://www.youtube.com/watch?v=aKe6pFVnNsg,10/11/22,0:35,334,15,2,dayofthegirlmeetdannafuturegamedeveloper_2.txt,1
Girls Who Code,"Day Of the Girl: Meet Johanne, Future Astronomer",https://www.youtube.com/watch?v=5PCAnEBYPtU,10/11/22,0:25,64,3,0,dayofthegirlmeetjohannefutureastronomer_2.txt,1
Girls Who Code,"Day Of the Girl: Meet Isabel, Future Technology Policy Analyst",https://www.youtube.com/watch?v=ojOi1SullRc,10/11/22,0:15,388,17,1,dayofthegirlmeetisabelfuturetechnologypolicyanalyst_2.txt,1
Girls Who Code,"Day Of the Girl: Meet Rebecca, Future Autonomous Vehicle Engineer",https://www.youtube.com/watch?v=FlgS1Ezon8Q,10/11/22,0:46,122,6,0,dayofthegirlmeetrebeccafutureautonomousvehicleengineer_2.txt,1
Girls Who Code,A day in the life of a 26-year-old about to go to space #shorts,https://www.youtube.com/watch?v=mGP_P313rB8,6/14/22,0:33,1308,40,1,adayinthelifeofa26yearoldabouttogotospaceshorts.txt,1
Girls Who Code,"Meet DJ_DAVE , a DJ who makes music using code #shorts",https://www.youtube.com/watch?v=__p0Nxo-dJo,6/9/22,0:59,1281,88,5,meetdjdaveadjwhomakesmusicusingcodeshorts.txt,1
Girls Who Code,Girls Who Code 10 Year Anniversary,https://www.youtube.com/watch?v=pB-oMx00mg4,4/4/22,3:29,2991,50,2,girlswhocode10yearanniversary.txt,1
Girls Who Code,GWC Talks Game Development 101,https://www.youtube.com/watch?v=xhh9rsVL5Go,3/25/22,58:51:00,355,9,1,gwctalksgamedevelopment101.txt,1
Girls Who Code,Girls Who Code Overview ft. Tarika Barrett,https://www.youtube.com/watch?v=F4xIJ9CgHMo,3/7/22,2:26,3975,62,5,girlswhocodeoverviewfttarikabarrett.txt,1
Girls Who Code,GWC Talks -Getting a Technical Job that Isn‚Äôt Engineering,https://www.youtube.com/watch?v=n8uo8NkO8W4,11/19/21,59:23:00,598,15,2,gwctalksgettingatechnicaljobthatisntengineering.txt,1
Girls Who Code,Make That Change,https://www.youtube.com/watch?v=5iIRI9j3zxw,10/11/21,0:30,6339,102,4,makethatchange.txt,1
Girls Who Code,Girls Who Code Talks: Accessibility in Tech,https://www.youtube.com/watch?v=Nd6d8e8fMlY,7/23/21,42:44:00,549,6,0,girlswhocodetalksaccessibilityintech.txt,1
Girls Who Code,Girls Who Code Talks: Cybersecurity 101,https://www.youtube.com/watch?v=QAfkvILlg6Y,4/26/21,54:31:00,993,17,0,girlswhocodetalkscybersecurity101.txt,1
Girls Who Code,Girls Who Code Talks: Cloud Computing 101,https://www.youtube.com/watch?v=EzL4qf94OlA,2/16/21,57:49:00,1284,22,0,girlswhocodetalkscloudcomputing101.txt,1
Girls Who Code,Missing Code,https://www.youtube.com/watch?v=bmA45AMqVK4,12/7/20,1:31,17206,289,35,missingcode.txt,1
Girls Who Code,Girls Who Code Talks: Prep for Technical Interviews,https://www.youtube.com/watch?v=YhZ8GfF7NTY,11/23/20,49:48:00,818,24,1,girlswhocodetalksprepfortechnicalinterviews.txt,1
Girls Who Code,Girls Who Code Talks: Tech Career Guidance,https://www.youtube.com/watch?v=L7-e8W4ZrRA,10/26/20,49:47:00,993,19,2,girlswhocodetalkstechcareerguidance.txt,1
Girls Who Code,Girls Who Code Talks - Virtual Career Fair Etiquette,https://www.youtube.com/watch?v=Mhn4aG-iQUs,9/28/20,50:04:00,1284,26,0,girlswhocodetalksvirtualcareerfairetiquette.txt,1
Girls Who Code,GIRLS WHO CODE TALKS : The Compsci Class Experience,https://www.youtube.com/watch?v=glc4jzhz674,9/15/20,45:51:00,533,7,3,girlswhocodetalksthecompsciclassexperience.txt,1
Girls Who Code,GIRLS WHO CODE TALKS: Crafting Your Perfect Tech Resume,https://www.youtube.com/watch?v=C9SDBmC30hA,8/21/20,57:47:00,1330,32,1,girlswhocodetalkscraftingyourperfecttechresume.txt,1
Girls Who Code,"Girls Who Code Talks: How To Be Brave, Not Perfect... In A Crisis",https://www.youtube.com/watch?v=UOL4d11I834,6/12/20,49:59:00,903,12,2,girlswhocodetalkshowtobebravenotperfectinacrisis.txt,1
Girls Who Code,Girls Who Code Talks: No Internship? Now What?,https://www.youtube.com/watch?v=E-PNgWAWGzc,5/29/20,48:46:00,912,15,0,girlswhocodetalksnointernshipnowwhat.txt,1
Girls Who Code,Girls Who Code Talks: Career Pathing During a Crisis,https://www.youtube.com/watch?v=s58fUxRisPM,5/15/20,39:28:00,1005,11,1,girlswhocodetalkscareerpathingduringacrisis.txt,1
Girls Who Code,Girls Who Code Talks: College During COVID,https://www.youtube.com/watch?v=UUJlJ4mIwFg,5/1/20,53:34:00,1265,18,1,girlswhocodetalkscollegeduringcovid.txt,1
Girls Who Code,Learn More About the Girls Who Code Summer Immersion Program,https://www.youtube.com/watch?v=XkYI6NrLeck,1/24/20,2:12,9092,73,11,learnmoreaboutthegirlswhocodesummerimmersionprogram.txt,1
Girls Who Code,Girls Who Code Clubs are Global - Start One and Change Your Community,https://www.youtube.com/watch?v=Tqfmg8-2FQM,11/22/19,1:49,1795,30,1,girlswhocodeclubsareglobalstartoneandchangeyourcommunity.txt,1
Girls Who Code,Girls Who Code's #MarchForSisterhood on Day of the Girl 2019,https://www.youtube.com/watch?v=UQanaiSxQqw,10/11/19,1:01,7631,66,17,girlswhocodesmarchforsisterhoodondayofthegirl2019.txt,1
Girls Who Code,"Join the #MarchForSisterhood on October 11, 2019",https://www.youtube.com/watch?v=GynMcQQRSTQ,10/7/19,0:10,301,6,0,jointhemarchforsisterhoodonoctober112019.txt,1
Girls Who Code,Join Girls Who Code's #MarchForSisterhood,https://www.youtube.com/watch?v=0EfIx1JdWGw,9/16/19,0:19,3757,51,0,joingirlswhocodesmarchforsisterhood.txt,1
Girls Who Code,"SISTERHOOD ‚Ä¢ ""Action"" (Director Amirah Tajdin)",https://www.youtube.com/watch?v=GXanWg1I9PE,10/18/18,7:50,3489,54,3,sisterhoodactiondirectoramirahtajdin.txt,1
Girls Who Code,"SISTERHOOD ‚Ä¢ ""On Being"" (Featuring Elyse, Natalia, Khaterah, Rayouf, Robin, Trinity, and DeShanna)",https://www.youtube.com/watch?v=2MF_5Eh8BOU,10/11/18,8:04,2552,57,3,sisterhoodonbeingfeaturingelysenataliakhaterahrayoufrobintrinityanddeshanna.txt,1
Girls Who Code,"SISTERHOOD ‚Ä¢ ""On Being"" (Featuring Rayouf Alhumedhi, creator of the hijab emoji)",https://www.youtube.com/watch?v=fAfJUiQGe18,10/11/18,1:15,880,17,0,sisterhoodonbeingfeaturingrayoufalhumedhicreatorofthehijabemoji.txt,1
Girls Who Code,"SISTERHOOD ‚Ä¢ ""On Being"" (Featuring Robin M√°xkii, technology activist)",https://www.youtube.com/watch?v=GLL1h3Kt0HI,10/11/18,1:17,815,18,0,sisterhoodonbeingfeaturingrobinmxkiitechnologyactivist.txt,1
Girls Who Code,"SISTERHOOD ‚Ä¢ ""On Being""  (Feat. Natalia Ramirez, activist)",https://www.youtube.com/watch?v=odk449rhJtE,10/11/18,1:14,773,13,0,sisterhoodonbeingfeatnataliaramirezactivist.txt,1
Girls Who Code,"SISTERHOOD ‚Ä¢ ""Outro"" (Featuring Gia Grier, Girls Who Code Alumni)",https://www.youtube.com/watch?v=BcULmLwT4jc,10/11/18,3:45,1517,25,1,sisterhoodoutrofeaturinggiagriergirlswhocodealumni.txt,1
Girls Who Code,"SISTERHOOD ‚Ä¢ ""Ode"" (Featuring Fereshteh Forough and Vivian Phung)",https://www.youtube.com/watch?v=Hik9ApU79Us,10/11/18,20:25,679,14,0,sisterhoododefeaturingfereshtehforoughandvivianphung.txt,1
Girls Who Code,"SISTERHOOD ‚Ä¢ ""Ode"" (Featuring Angelique Kidjo and Lily Madigan)",https://www.youtube.com/watch?v=N3dy7rbuANc,10/11/18,16:20,1068,15,12,sisterhoododefeaturingangeliquekidjoandlilymadigan.txt,1
Girls Who Code,"SISTERHOOD ‚Ä¢ ""Ode"" (Featuring Cecile Richards and Nadya Okamoto)",https://www.youtube.com/watch?v=KmXv9QDvmI8,10/11/18,21:19,755,9,0,sisterhoododefeaturingcecilerichardsandnadyaokamoto.txt,1
Girls Who Code,"SISTERHOOD ‚Ä¢ ""Celebration""",https://www.youtube.com/watch?v=nNB0oGlfIPQ,10/11/18,1:02,1165,13,1,sisterhoodcelebration.txt,1
Girls Who Code,"SISTERHOOD ‚Ä¢ ""ASMR Activism: Registering to Vote"" (Featuring Mitra Jouhari)",https://www.youtube.com/watch?v=HY9nXcgSuqk,10/10/18,1:42,4863,103,8,sisterhoodasmractivismregisteringtovotefeaturingmitrajouhari.txt,1
Girls Who Code,"SISTERHOOD ‚Ä¢ ""ASMR Activism: Protest Basics"" (Featuring Mitra Jouhari)",https://www.youtube.com/watch?v=qCoIzoffGPM,10/10/18,2:06,8031,240,7,sisterhoodasmractivismprotestbasicsfeaturingmitrajouhari.txt,1
Girls Who Code,"SISTERHOOD ‚Ä¢ ""ASMR Activism: Making a Protest Sign"" (Featuring Caitlin Kimball)",https://www.youtube.com/watch?v=ne-aNFappJ4,10/10/18,2:16,2336,34,11,sisterhoodasmractivismmakingaprotestsignfeaturingcaitlinkimball.txt,1
Girls Who Code,"SISTERHOOD ‚Ä¢ ""ASMR Activism: Increase your own Awareness"" (Featuring Aparna Nancherla)",https://www.youtube.com/watch?v=qjflhXU9TXo,10/10/18,1:57,4703,98,7,sisterhoodasmractivismincreaseyourownawarenessfeaturingaparnanancherla.txt,1
Girls Who Code,"SISTERHOOD ‚Ä¢ ""ASMR Activism: How to Contact Your Representative"" (Featuring Sasheer Zamata)",https://www.youtube.com/watch?v=IHdWG-gIYr4,10/10/18,1:53,2426,55,1,sisterhoodasmractivismhowtocontactyourrepresentativefeaturingsasheerzamata.txt,1
Girls Who Code,"SISTERHOOD ‚Ä¢ ""ASMR Activism: How to Find a Town Hall Meeting"" (Featuring Sasheer Zamata)",https://www.youtube.com/watch?v=aEP7g4qtGWk,10/10/18,2:14,3744,86,3,sisterhoodasmractivismhowtofindatownhallmeetingfeaturingsasheerzamata.txt,1
Girls Who Code,"SISTERHOOD ‚Ä¢ ""ASMR Activism"" (Featuring Mitra, Sasheer, Caitlin, and Aparna)",https://www.youtube.com/watch?v=B9B50r_uvn8,10/10/18,11:15,13738,303,25,sisterhoodasmractivismfeaturingmitrasasheercaitlinandaparna.txt,1
Girls Who Code,"SISTERHOOD ‚Ä¢ ""Healing"" (Featuring Lizzo, Madame Gandhi, and Seattle's Northside Step Team)",https://www.youtube.com/watch?v=xDgYDBRDkHU,10/9/18,3:07,79718,1280,32,sisterhoodhealingfeaturinglizzomadamegandhiandseattlesnorthsidestepteam.txt,1
Girls Who Code,"SISTERHOOD ‚Ä¢ Anthem - ""Ooh Child"" (Featuring Regan Aliyah, Chika, Tiffany GoucheÃÅ)",https://www.youtube.com/watch?v=NiOIeaISGEU,10/8/18,3:49,106497,1960,102,sisterhoodanthemoohchildfeaturingreganaliyahchikatiffanygouche.txt,1
Girls Who Code,What's Wearable Tech? And other coding questions with Liza Stark!,https://www.youtube.com/watch?v=lpXomznudk4,5/3/18,6:55,1126,18,2,whatswearabletechandothercodingquestionswithlizastark.txt,1
Girls Who Code,Girls Who Code Campus Virtual Info Session,https://www.youtube.com/watch?v=HWP16ZL2Hgk,4/4/18,16:10,837,7,0,girlswhocodecampusvirtualinfosession.txt,1
Girls Who Code,Aly + Frankie Make Summer Plans with Girls Who Code!,https://www.youtube.com/watch?v=Gyf23g-k3eU,3/21/18,4:50,667,13,0,alyfrankiemakesummerplanswithgirlswhocode.txt,1
Girls Who Code,The Truth Behind Us: A Girls Who Code Project,https://www.youtube.com/watch?v=c_UEDlxUQUk,3/5/18,2:10,6641,94,3,thetruthbehindusagirlswhocodeproject.txt,1
Girls Who Code,Girls Who Code Book Tour: Final Week!,https://www.youtube.com/watch?v=UxHZXB8bqLM,10/25/17,3:29,862,11,1,girlswhocodebooktourfinalweek.txt,1
Girls Who Code,Get Girls Who Code Clubs started in your community!,https://www.youtube.com/watch?v=kAzhBVU341A,10/19/17,12:24,1322,20,1,getgirlswhocodeclubsstartedinyourcommunity.txt,1
Girls Who Code,Girls Who Code Book Tour: DC and Decatur!,https://www.youtube.com/watch?v=XVLGU-XK4ck,9/12/17,1:42,287,9,0,girlswhocodebooktourdcanddecatur.txt,1
Girls Who Code,Girls Who Code Book Tour: San Francisco!,https://www.youtube.com/watch?v=hoeL6KnA9gc,9/7/17,3:44,331,11,1,girlswhocodebooktoursanfrancisco.txt,1
Girls Who Code,Girls Who Code Book Release Day,https://www.youtube.com/watch?v=C1Q_zaxRarg,8/31/17,3:32,1810,37,12,girlswhocodebookreleaseday.txt,1
Girls Who Code,Girls Who Code Book Club,https://www.youtube.com/watch?v=V2B0dwPcuHA,8/29/17,2:45,2729,24,0,girlswhocodebookclub.txt,1
Girls Who Code,Girls Who Code: Making the New Middle Class Through Coding (3 Minute Edit),https://www.youtube.com/watch?v=zMLsgi2Vd2Q,7/13/17,2:59,2068,9,1,girlswhocodemakingthenewmiddleclassthroughcoding3minuteedit.txt,1
Girls Who Code,Girls Who Code: Making the New Middle Class Through Coding,https://www.youtube.com/watch?v=pZz1UbY79TQ,7/13/17,5:03,13153,102,7,girlswhocodemakingthenewmiddleclassthroughcoding.txt,1
Girls Who Code,Introducing Girls Who Code Books!,https://www.youtube.com/watch?v=n4LB5HZLic4,7/11/17,1:11,2471,39,0,introducinggirlswhocodebooks.txt,1
Girls Who Code,Start a Girls Who Code Club! | Applications Open Now!,https://www.youtube.com/watch?v=5tkoaRcCRmA,5/1/17,1:48,5465,71,10,startagirlswhocodeclubapplicationsopennow.txt,1
Girls Who Code,Hidden Figures + Girls Who Code PSA with Octavia Spencer,https://www.youtube.com/watch?v=xSMB7kBynZA,1/9/17,0:49,6348,58,1,hiddenfiguresgirlswhocodepsawithoctaviaspencer.txt,1
Girls Who Code,Hidden Figures | Girls Who Code Trailer,https://www.youtube.com/watch?v=ZetsBND5ikA,11/16/16,2:30,4544,91,5,hiddenfiguresgirlswhocodetrailer.txt,1
Girls Who Code,Cracking the Gender Code,https://www.youtube.com/watch?v=jFms7zHxDlM,10/24/16,1:42,8149,68,3,crackingthegendercode.txt,1
Girls Who Code,"Hanaya, #PayItForward",https://www.youtube.com/watch?v=77dDf2CLPzM,8/24/16,0:20,925,11,1,hanayapayitforward.txt,1
Girls Who Code,"Natasha, AppNexus #PayItForward",https://www.youtube.com/watch?v=a24GoZcKqL4,8/24/16,0:18,462,4,0,natashaappnexuspayitforward.txt,1
Girls Who Code,Join the Movement to #PayItForward,https://www.youtube.com/watch?v=HwzY8kOjAgw,8/22/16,1:06,2204,28,2,jointhemovementtopayitforward.txt,1
Girls Who Code,Join the Movement! | My Code: Episode 10,https://www.youtube.com/watch?v=A2AqWHaIg9c,6/23/16,2:45,1420,40,0,jointhemovementmycodeepisode10.txt,1
Girls Who Code,Careers with Code! | My Code: Episode 9,https://www.youtube.com/watch?v=ADRpOTJlOf8,6/16/16,3:12,2326,56,0,careerswithcodemycodeepisode9.txt,1
Girls Who Code,Mentors Who Code | My Code: Episode 8,https://www.youtube.com/watch?v=PiMtDZCEEes,6/9/16,3:08,1484,40,0,mentorswhocodemycodeepisode8.txt,1
Girls Who Code,How Is Code Changing The World? | My Code: Episode 7,https://www.youtube.com/watch?v=1Y85C4bdrv4,6/2/16,2:55,2647,48,1,howiscodechangingtheworldmycodeepisode7.txt,1
Girls Who Code,Coding Confidence Boost! | My Code: Episode 6,https://www.youtube.com/watch?v=wVUzmjSl5Fo,5/26/16,3:05,3919,59,4,codingconfidenceboostmycodeepisode6.txt,1
Girls Who Code,Create It With Code! | My Code: Episode 5,https://www.youtube.com/watch?v=ubzGX-KQnoY,5/19/16,3:13,4790,55,3,createitwithcodemycodeepisode5.txt,1
Girls Who Code,I Speak Code | My Code: Episode 4,https://www.youtube.com/watch?v=46VkPZK7B7E,5/12/16,3:01,4433,76,0,ispeakcodemycodeepisode4.txt,1
Girls Who Code,What Is Code? | My Code: Episode 3,https://www.youtube.com/watch?v=oEolhUolMLQ,5/5/16,3:27,6394,100,6,whatiscodemycodeepisode3.txt,1
Girls Who Code,Welcome To My Code! | My Code: PROMO,https://www.youtube.com/watch?v=7WRQff1Kr-w,4/27/16,1:19,13713,148,9,welcometomycodemycodepromo.txt,1
Girls Who Code,"Hi, We‚Äôre Girls Who Code! | My Code: Episode 1",https://www.youtube.com/watch?v=KZkhuS5C8eQ,4/27/16,3:05,42017,353,35,hiweregirlswhocodemycodeepisode1.txt,1
Girls Who Code,Being A Girl Who Codes! | My Code: Episode 2,https://www.youtube.com/watch?v=21oZI_E1dtU,4/27/16,3:03,7928,161,0,beingagirlwhocodesmycodeepisode2.txt,1
Girls Who Code,Learn About The Girls Who Code Summer Immersion Program,https://www.youtube.com/watch?v=GKLjkH31DYA,12/2/15,3:11,31710,238,28,learnaboutthegirlswhocodesummerimmersionprogram.txt,1
